alert_id,customer_id,transaction_id,rule_id,strategy,queue,priority,status,alert_date,alert_time,risk_score,escalation_level,false_positive_probability,customer_contact_attempts
ALRT-AU-CUST00468-1,AU-CUST00468,TXN-2024-000038,RUL-TX185,App Invoice Fraud,Device Anomaly,High,Open,2025-08-12,23:41:52,860,L1,0.37,1
ALRT-AU-CUST00503-2,AU-CUST00503,TXN-2024-000056,RUL-TX676,App Invoice Fraud,Investment Scam Monitoring,High,Open,2025-05-01,19:45:38,820,L2,0.37,1
ALRT-AU-CUST00937-3,AU-CUST00937,TXN-2024-000067,RUL-TX370,Mule Activity,Device Anomaly,Critical,Open,2025-06-09,03:11:51,930,L1,0.24,1
ALRT-AU-CUST00703-4,AU-CUST00703,TXN-2024-000100,RUL-TX202,App Bank Impersonation,High-Risk Behaviour,Critical,Open,2024-12-17,00:23:46,940,L1,0.15,3
ALRT-AU-CUST00965-5,AU-CUST00965,TXN-2024-000161,RUL-TX118,App Bank Impersonation,High-Risk Behaviour,High,Open,2025-04-12,06:12:20,820,L2,0.25,1
ALRT-AU-CUST00353-6,AU-CUST00353,TXN-2024-000221,RUL-TX460,App Bank Impersonation,Investment Scam Monitoring,High,Open,2025-01-21,13:18:14,770,L2,0.28,2
ALRT-AU-CUST00085-7,AU-CUST00085,TXN-2024-000235,RUL-TX869,App Investment Scam,High-Risk Behaviour,Critical,Open,2024-11-05,21:52:42,920,L1,0.36,3
ALRT-AU-CUST00369-8,AU-CUST00369,TXN-2024-000243,RUL-TX159,App Investment Scam,High-Risk Behaviour,High,Open,2025-04-06,14:47:55,820,L2,0.16,1
ALRT-AU-CUST00891-9,AU-CUST00891,TXN-2024-000260,RUL-TX242,App Invoice Fraud,Investment Scam Monitoring,High,Open,2025-03-25,03:10:11,770,L1,0.09,1
ALRT-AU-CUST00265-10,AU-CUST00265,TXN-2024-000306,RUL-TX625,App Invoice Fraud,Investment Scam Monitoring,High,Open,2025-03-28,22:49:43,790,L2,0.22,2
ALRT-AU-CUST00656-11,AU-CUST00656,TXN-2024-000319,RUL-TX786,App Bank Impersonation,Investment Scam Monitoring,High,Open,2024-07-14,08:06:46,780,L2,0.21,3
ALRT-AU-CUST00195-12,AU-CUST00195,TXN-2024-000322,RUL-TX463,App Investment Scam,Investment Scam Monitoring,High,Open,2025-08-17,04:44:10,850,L1,0.36,2
ALRT-AU-CUST00180-13,AU-CUST00180,TXN-2024-000324,RUL-TX783,App Investment Scam,Device Anomaly,High,Open,2024-05-21,23:35:33,860,L2,0.24,2
ALRT-AU-CUST00948-14,AU-CUST00948,TXN-2024-000326,RUL-TX804,App Investment Scam,Device Anomaly,High,Open,2024-06-23,23:30:43,880,L1,0.19,1
ALRT-AU-CUST00877-15,AU-CUST00877,TXN-2024-000358,RUL-TX870,Mule Activity,High-Risk Behaviour,High,Open,2025-07-07,05:57:10,890,L2,0.32,2
ALRT-AU-CUST00480-16,AU-CUST00480,TXN-2024-000372,RUL-TX681,App Investment Scam,High-Risk Behaviour,High,Open,2024-04-30,19:35:30,870,L1,0.15,1
ALRT-AU-CUST00237-17,AU-CUST00237,TXN-2024-000373,RUL-TX206,App Bank Impersonation,Device Anomaly,High,Open,2025-04-30,03:22:29,760,L1,0.25,3
ALRT-AU-CUST00436-18,AU-CUST00436,TXN-2024-000388,RUL-TX873,App Bank Impersonation,Device Anomaly,High,Open,2024-10-04,08:26:41,790,L1,0.2,3
ALRT-AU-CUST00673-19,AU-CUST00673,TXN-2024-000400,RUL-TX140,App Bank Impersonation,Device Anomaly,Critical,Open,2024-07-30,08:38:21,920,L1,0.17,3
ALRT-AU-CUST00181-20,AU-CUST00181,TXN-2024-000408,RUL-TX946,App Bank Impersonation,Investment Scam Monitoring,High,Open,2025-03-10,02:34:31,860,L1,0.35,3
ALRT-AU-CUST00316-21,AU-CUST00316,TXN-2024-000424,RUL-TX513,App Investment Scam,High-Risk Behaviour,Critical,Open,2025-07-28,01:09:59,940,L1,0.27,1
ALRT-AU-CUST00040-22,AU-CUST00040,TXN-2024-000452,RUL-TX528,App Bank Impersonation,High-Risk Behaviour,Critical,Open,2025-01-11,03:07:59,940,L2,0.25,3
ALRT-AU-CUST00199-23,AU-CUST00199,TXN-2024-000465,RUL-TX768,App Investment Scam,High-Risk Behaviour,Critical,Open,2025-06-23,01:01:59,940,L1,0.35,1
ALRT-AU-CUST00426-24,AU-CUST00426,TXN-2024-000472,RUL-TX239,App Investment Scam,Investment Scam Monitoring,Critical,Open,2024-12-09,23:39:48,940,L1,0.07,1
ALRT-AU-CUST00373-25,AU-CUST00373,TXN-2024-000476,RUL-TX834,App Investment Scam,Device Anomaly,High,Open,2025-07-18,14:10:22,840,L1,0.2,1
ALRT-AU-CUST00400-26,AU-CUST00400,TXN-2024-000490,RUL-TX516,App Invoice Fraud,Investment Scam Monitoring,High,Open,2025-05-03,12:12:00,900,L1,0.23,3
ALRT-AU-CUST00169-27,AU-CUST00169,TXN-2024-000531,RUL-TX822,App Invoice Fraud,High-Risk Behaviour,Critical,Open,2024-12-03,18:53:39,910,L1,0.18,2
ALRT-AU-CUST00526-28,AU-CUST00526,TXN-2024-000559,RUL-TX710,App Bank Impersonation,Investment Scam Monitoring,Critical,Open,2024-11-03,05:21:25,930,L1,0.4,1
ALRT-AU-CUST00419-29,AU-CUST00419,TXN-2024-000578,RUL-TX687,App Investment Scam,High-Risk Behaviour,High,Open,2024-12-09,02:34:20,800,L2,0.27,3
ALRT-AU-CUST00400-30,AU-CUST00400,TXN-2024-000585,RUL-TX914,App Bank Impersonation,High-Risk Behaviour,High,Open,2025-03-22,17:40:00,890,L2,0.17,2
ALRT-AU-CUST00353-31,AU-CUST00353,TXN-2024-000610,RUL-TX503,Mule Activity,Device Anomaly,High,Open,2025-05-19,00:33:07,870,L2,0.15,3
ALRT-AU-CUST00398-32,AU-CUST00398,TXN-2024-000635,RUL-TX443,App Romance Scam,Investment Scam Monitoring,Critical,Open,2024-12-13,21:53:39,940,L2,0.36,2
ALRT-AU-CUST00999-33,AU-CUST00999,TXN-2024-000672,RUL-TX537,App Bank Impersonation,Device Anomaly,Critical,Open,2025-05-17,23:25:00,940,L2,0.21,1
ALRT-AU-CUST00602-34,AU-CUST00602,TXN-2024-000680,RUL-TX142,App Invoice Fraud,High-Risk Behaviour,Critical,Open,2025-03-05,01:52:21,910,L1,0.11,3
ALRT-AU-CUST00788-35,AU-CUST00788,TXN-2024-000681,RUL-TX706,App Romance Scam,High-Risk Behaviour,High,Open,2025-06-24,15:04:22,830,L1,0.19,1
ALRT-AU-CUST00360-36,AU-CUST00360,TXN-2024-000707,RUL-TX747,App Bank Impersonation,Device Anomaly,High,Open,2025-04-21,16:54:00,870,L1,0.25,3
ALRT-AU-CUST00986-37,AU-CUST00986,TXN-2024-000795,RUL-TX710,App Investment Scam,Device Anomaly,High,Open,2025-09-01,14:24:51,830,L2,0.31,2
ALRT-AU-CUST00847-38,AU-CUST00847,TXN-2024-000845,RUL-TX237,App Investment Scam,Investment Scam Monitoring,High,Open,2025-06-30,05:52:56,900,L1,0.06,1
ALRT-AU-CUST00545-39,AU-CUST00545,TXN-2024-000868,RUL-TX915,App Bank Impersonation,Investment Scam Monitoring,Critical,Open,2025-03-11,23:01:34,930,L2,0.31,2
ALRT-AU-CUST00128-40,AU-CUST00128,TXN-2024-000881,RUL-TX394,App Bank Impersonation,Device Anomaly,High,Open,2024-10-07,12:58:22,770,L1,0.26,2
ALRT-AU-CUST00877-41,AU-CUST00877,TXN-2024-000999,RUL-TX330,App Bank Impersonation,High-Risk Behaviour,Critical,Open,2025-09-14,22:19:09,930,L2,0.3,3
ALRT-AU-CUST00742-42,AU-CUST00742,TXN-2024-001031,RUL-TX675,App Invoice Fraud,Device Anomaly,High,Open,2025-08-04,12:52:34,850,L2,0.22,1
ALRT-AU-CUST00479-43,AU-CUST00479,TXN-2024-001062,RUL-TX245,App Investment Scam,High-Risk Behaviour,Critical,Open,2025-08-03,00:48:56,930,L2,0.08,2
ALRT-AU-CUST00398-44,AU-CUST00398,TXN-2024-001073,RUL-TX427,App Investment Scam,High-Risk Behaviour,High,Open,2024-04-15,21:28:01,860,L1,0.21,2
ALRT-AU-CUST00527-45,AU-CUST00527,TXN-2024-001099,RUL-TX835,Mule Activity,Device Anomaly,High,Open,2025-09-11,12:08:22,770,L2,0.14,1
ALRT-AU-CUST00400-46,AU-CUST00400,TXN-2024-001113,RUL-TX199,App Bank Impersonation,Device Anomaly,High,Open,2025-03-28,08:27:22,780,L2,0.18,2
ALRT-AU-CUST00168-47,AU-CUST00168,TXN-2024-001137,RUL-TX675,App Bank Impersonation,Device Anomaly,High,Open,2025-03-30,23:01:37,830,L1,0.38,2
ALRT-AU-CUST00969-48,AU-CUST00969,TXN-2024-001198,RUL-TX565,App Bank Impersonation,Device Anomaly,High,Open,2024-11-12,18:40:56,830,L1,0.35,2
ALRT-AU-CUST00683-49,AU-CUST00683,TXN-2024-001210,RUL-TX912,App Bank Impersonation,High-Risk Behaviour,High,Open,2025-05-26,05:11:00,870,L2,0.34,3
ALRT-AU-CUST00841-50,AU-CUST00841,TXN-2024-001240,RUL-TX712,App Bank Impersonation,High-Risk Behaviour,High,Open,2024-05-19,13:14:06,760,L2,0.39,3
ALRT-AU-CUST00830-51,AU-CUST00830,TXN-2024-001249,RUL-TX771,App Investment Scam,Device Anomaly,High,Open,2025-06-15,19:32:48,830,L1,0.14,2
ALRT-AU-CUST00155-52,AU-CUST00155,TXN-2024-001301,RUL-TX402,App Bank Impersonation,High-Risk Behaviour,Critical,Open,2025-09-29,20:09:08,920,L1,0.14,3
ALRT-AU-CUST00468-53,AU-CUST00468,TXN-2024-001323,RUL-TX488,Mule Activity,Investment Scam Monitoring,High,Open,2025-01-20,14:48:09,850,L2,0.3,2
ALRT-AU-CUST00395-54,AU-CUST00395,TXN-2024-001341,RUL-TX994,App Investment Scam,High-Risk Behaviour,High,Open,2025-06-08,13:18:23,840,L1,0.12,1
ALRT-AU-CUST00876-55,AU-CUST00876,TXN-2024-001351,RUL-TX997,App Bank Impersonation,High-Risk Behaviour,High,Open,2024-07-16,10:52:11,870,L2,0.19,3
ALRT-AU-CUST00055-56,AU-CUST00055,TXN-2024-001375,RUL-TX212,App Investment Scam,High-Risk Behaviour,High,Open,2025-06-18,11:18:41,850,L2,0.37,2
ALRT-AU-CUST00427-57,AU-CUST00427,TXN-2024-001439,RUL-TX880,App Romance Scam,Investment Scam Monitoring,High,Open,2025-09-14,06:40:26,890,L2,0.26,3
ALRT-AU-CUST00304-58,AU-CUST00304,TXN-2024-001457,RUL-TX814,App Investment Scam,Investment Scam Monitoring,High,Open,2025-09-09,05:45:48,790,L1,0.13,3
ALRT-AU-CUST00720-59,AU-CUST00720,TXN-2024-001505,RUL-TX892,App Investment Scam,High-Risk Behaviour,High,Open,2025-09-15,00:07:18,800,L2,0.33,1
ALRT-AU-CUST00386-60,AU-CUST00386,TXN-2024-001519,RUL-TX473,App Bank Impersonation,High-Risk Behaviour,High,Open,2024-11-18,00:39:12,830,L1,0.29,2
ALRT-AU-CUST00537-61,AU-CUST00537,TXN-2024-001527,RUL-TX539,Mule Activity,Investment Scam Monitoring,Critical,Open,2024-09-16,18:20:33,920,L1,0.28,2
ALRT-AU-CUST00604-62,AU-CUST00604,TXN-2024-001534,RUL-TX298,App Romance Scam,Device Anomaly,Critical,Open,2024-12-30,05:26:04,940,L1,0.11,1
ALRT-AU-CUST00026-63,AU-CUST00026,TXN-2024-001578,RUL-TX249,App Investment Scam,High-Risk Behaviour,Critical,Open,2025-08-18,04:32:55,920,L1,0.38,2
ALRT-AU-CUST00788-64,AU-CUST00788,TXN-2024-001599,RUL-TX371,App Invoice Fraud,Device Anomaly,High,Open,2025-08-05,03:35:02,800,L2,0.2,1
ALRT-AU-CUST00255-65,AU-CUST00255,TXN-2024-001635,RUL-TX735,App Investment Scam,High-Risk Behaviour,High,Open,2025-04-27,23:54:19,820,L2,0.17,2
ALRT-AU-CUST00468-66,AU-CUST00468,TXN-2024-001656,RUL-TX467,Mule Activity,High-Risk Behaviour,High,Open,2025-07-14,21:33:31,800,L1,0.28,3
ALRT-AU-CUST00788-67,AU-CUST00788,TXN-2024-001660,RUL-TX787,App Investment Scam,Device Anomaly,High,Open,2025-07-18,23:23:36,760,L2,0.11,2
ALRT-AU-CUST00225-68,AU-CUST00225,TXN-2024-001737,RUL-TX498,App Invoice Fraud,High-Risk Behaviour,Critical,Open,2025-09-09,01:27:37,910,L2,0.19,2
ALRT-AU-CUST00957-69,AU-CUST00957,TXN-2024-001773,RUL-TX240,App Bank Impersonation,Investment Scam Monitoring,High,Open,2025-04-04,17:22:01,870,L2,0.16,3
ALRT-AU-CUST00856-70,AU-CUST00856,TXN-2024-001781,RUL-TX683,App Investment Scam,High-Risk Behaviour,High,Open,2024-06-16,04:59:09,760,L1,0.21,1
ALRT-AU-CUST00666-71,AU-CUST00666,TXN-2024-001909,RUL-TX771,App Romance Scam,Device Anomaly,High,Open,2025-09-29,09:16:08,780,L1,0.18,3
ALRT-AU-CUST00883-72,AU-CUST00883,TXN-2024-001928,RUL-TX348,App Romance Scam,High-Risk Behaviour,High,Open,2024-09-28,21:58:34,860,L2,0.3,3
ALRT-AU-CUST00262-73,AU-CUST00262,TXN-2024-001961,RUL-TX761,App Bank Impersonation,Investment Scam Monitoring,High,Open,2025-08-23,05:40:30,870,L2,0.24,3
ALRT-AU-CUST00386-74,AU-CUST00386,TXN-2024-001974,RUL-TX274,App Romance Scam,Investment Scam Monitoring,High,Open,2025-08-22,23:23:40,880,L1,0.26,1
ALRT-AU-CUST00400-75,AU-CUST00400,TXN-2024-002007,RUL-TX495,App Investment Scam,High-Risk Behaviour,High,Open,2025-07-05,12:41:40,820,L2,0.4,1
ALRT-AU-CUST00603-76,AU-CUST00603,TXN-2024-002029,RUL-TX460,Mule Activity,High-Risk Behaviour,High,Open,2025-01-28,23:01:47,890,L1,0.29,1
ALRT-AU-CUST00326-77,AU-CUST00326,TXN-2024-002112,RUL-TX231,App Bank Impersonation,High-Risk Behaviour,Critical,Open,2025-05-08,21:12:51,920,L2,0.21,3
ALRT-AU-CUST00866-78,AU-CUST00866,TXN-2024-002120,RUL-TX198,Mule Activity,Investment Scam Monitoring,Critical,Open,2025-07-01,16:49:48,910,L2,0.34,2
ALRT-AU-CUST00276-79,AU-CUST00276,TXN-2024-002121,RUL-TX588,App Investment Scam,Investment Scam Monitoring,High,Open,2024-07-05,18:08:41,890,L2,0.31,3
ALRT-AU-CUST00398-80,AU-CUST00398,TXN-2024-002124,RUL-TX897,App Investment Scam,Investment Scam Monitoring,High,Open,2024-11-22,00:19:05,790,L1,0.23,2
ALRT-AU-CUST00067-81,AU-CUST00067,TXN-2024-002151,RUL-TX202,App Bank Impersonation,Device Anomaly,Critical,Open,2025-02-26,03:00:01,930,L2,0.26,2
ALRT-AU-CUST00398-82,AU-CUST00398,TXN-2024-002161,RUL-TX453,App Romance Scam,High-Risk Behaviour,Critical,Open,2024-09-03,03:42:34,910,L1,0.32,1
ALRT-AU-CUST00686-83,AU-CUST00686,TXN-2024-002163,RUL-TX761,App Bank Impersonation,Investment Scam Monitoring,Critical,Open,2025-01-25,10:52:26,920,L2,0.21,1
ALRT-AU-CUST00327-84,AU-CUST00327,TXN-2024-002185,RUL-TX509,App Romance Scam,Investment Scam Monitoring,High,Open,2025-09-08,04:15:54,810,L1,0.33,1
ALRT-AU-CUST00400-85,AU-CUST00400,TXN-2024-002229,RUL-TX211,Mule Activity,Device Anomaly,High,Open,2024-04-03,23:01:22,830,L2,0.22,2
ALRT-AU-CUST00177-86,AU-CUST00177,TXN-2024-002233,RUL-TX337,App Invoice Fraud,Investment Scam Monitoring,High,Open,2025-02-14,20:40:42,830,L1,0.17,3
ALRT-AU-CUST00980-87,AU-CUST00980,TXN-2024-002252,RUL-TX112,App Investment Scam,Device Anomaly,High,Open,2025-04-27,09:40:51,800,L2,0.31,3
ALRT-AU-CUST00271-88,AU-CUST00271,TXN-2024-002266,RUL-TX174,App Investment Scam,Device Anomaly,High,Open,2025-08-27,08:10:17,890,L1,0.07,1
ALRT-AU-CUST00377-89,AU-CUST00377,TXN-2024-002307,RUL-TX459,App Invoice Fraud,Device Anomaly,High,Open,2025-05-15,00:20:57,760,L1,0.07,1
ALRT-AU-CUST00421-90,AU-CUST00421,TXN-2024-002479,RUL-TX941,App Invoice Fraud,High-Risk Behaviour,High,Open,2025-07-31,19:59:22,830,L1,0.3,2
ALRT-AU-CUST00899-91,AU-CUST00899,TXN-2024-002487,RUL-TX240,App Invoice Fraud,Device Anomaly,High,Open,2025-04-07,05:36:34,880,L2,0.26,3
ALRT-AU-CUST00233-92,AU-CUST00233,TXN-2024-002506,RUL-TX942,App Romance Scam,Device Anomaly,High,Open,2025-07-20,23:35:38,780,L2,0.22,3
ALRT-AU-CUST00737-93,AU-CUST00737,TXN-2024-002517,RUL-TX343,Mule Activity,Investment Scam Monitoring,Critical,Open,2025-06-08,22:12:50,930,L2,0.28,1
ALRT-AU-CUST00666-94,AU-CUST00666,TXN-2024-002526,RUL-TX769,App Invoice Fraud,Investment Scam Monitoring,High,Open,2025-09-20,09:59:02,770,L1,0.29,2
ALRT-AU-CUST00807-95,AU-CUST00807,TXN-2024-002535,RUL-TX276,App Romance Scam,High-Risk Behaviour,Critical,Open,2024-03-03,10:53:58,930,L2,0.11,2
ALRT-AU-CUST00633-96,AU-CUST00633,TXN-2024-002557,RUL-TX423,Mule Activity,Investment Scam Monitoring,High,Open,2025-06-21,09:32:22,790,L1,0.38,2
ALRT-AU-CUST00742-97,AU-CUST00742,TXN-2024-002569,RUL-TX268,App Investment Scam,High-Risk Behaviour,High,Open,2025-04-06,09:36:42,790,L2,0.09,3
ALRT-AU-CUST00104-98,AU-CUST00104,TXN-2024-002583,RUL-TX869,App Bank Impersonation,Device Anomaly,High,Open,2025-09-13,00:30:20,820,L2,0.23,1
ALRT-AU-CUST00170-99,AU-CUST00170,TXN-2024-002598,RUL-TX784,Mule Activity,High-Risk Behaviour,Critical,Open,2024-12-28,05:36:09,930,L2,0.16,3
ALRT-AU-CUST00521-100,AU-CUST00521,TXN-2024-002616,RUL-TX710,Mule Activity,Device Anomaly,Critical,Open,2025-08-01,22:52:59,910,L1,0.38,3
ALRT-AU-CUST00800-101,AU-CUST00800,TXN-2024-002711,RUL-TX370,App Bank Impersonation,High-Risk Behaviour,High,Open,2025-06-18,22:55:54,900,L1,0.27,1
ALRT-AU-CUST00327-102,AU-CUST00327,TXN-2024-002715,RUL-TX537,App Bank Impersonation,Device Anomaly,High,Open,2025-08-27,03:04:37,890,L1,0.37,2
ALRT-AU-CUST00400-103,AU-CUST00400,TXN-2024-002743,RUL-TX476,App Invoice Fraud,Device Anomaly,High,Open,2025-09-19,08:53:03,820,L1,0.23,2
ALRT-AU-CUST00417-104,AU-CUST00417,TXN-2024-002749,RUL-TX944,App Romance Scam,High-Risk Behaviour,High,Open,2025-08-02,14:02:41,860,L2,0.38,3
ALRT-AU-CUST00996-105,AU-CUST00996,TXN-2024-002795,RUL-TX924,App Invoice Fraud,Device Anomaly,High,Open,2025-06-14,13:03:18,900,L1,0.1,3
ALRT-AU-CUST00720-106,AU-CUST00720,TXN-2024-002815,RUL-TX760,App Bank Impersonation,Investment Scam Monitoring,High,Open,2025-07-27,22:31:35,860,L1,0.11,1
ALRT-AU-CUST00666-107,AU-CUST00666,TXN-2024-002834,RUL-TX882,Mule Activity,Investment Scam Monitoring,High,Open,2025-04-21,22:23:28,810,L2,0.23,3
ALRT-AU-CUST00636-108,AU-CUST00636,TXN-2024-002843,RUL-TX687,App Bank Impersonation,High-Risk Behaviour,High,Open,2025-06-19,01:38:26,830,L1,0.22,2
ALRT-AU-CUST00400-109,AU-CUST00400,TXN-2024-002981,RUL-TX978,App Bank Impersonation,Device Anomaly,High,Open,2024-09-07,02:53:35,790,L1,0.07,2
ALRT-AU-CUST00385-110,AU-CUST00385,TXN-2024-003033,RUL-TX833,App Romance Scam,Investment Scam Monitoring,High,Open,2025-03-30,05:58:39,870,L1,0.14,1
ALRT-AU-CUST00170-111,AU-CUST00170,TXN-2024-003045,RUL-TX258,App Investment Scam,Investment Scam Monitoring,High,Open,2024-11-09,22:58:08,880,L1,0.08,3
ALRT-AU-CUST00652-112,AU-CUST00652,TXN-2024-003082,RUL-TX373,App Invoice Fraud,Device Anomaly,High,Open,2025-08-23,06:03:36,770,L1,0.38,1
ALRT-AU-CUST00154-113,AU-CUST00154,TXN-2024-003118,RUL-TX568,App Investment Scam,Investment Scam Monitoring,High,Open,2024-03-05,01:53:54,870,L1,0.36,2
ALRT-AU-CUST00499-114,AU-CUST00499,TXN-2024-003157,RUL-TX781,App Investment Scam,Device Anomaly,High,Open,2025-09-19,07:58:32,770,L1,0.31,3
ALRT-AU-CUST00402-115,AU-CUST00402,TXN-2024-003214,RUL-TX206,App Bank Impersonation,Investment Scam Monitoring,High,Open,2024-06-24,04:36:12,770,L1,0.15,3
ALRT-AU-CUST00976-116,AU-CUST00976,TXN-2024-003221,RUL-TX777,App Invoice Fraud,Device Anomaly,High,Open,2024-10-15,03:02:33,850,L1,0.11,2
ALRT-AU-CUST00643-117,AU-CUST00643,TXN-2024-003250,RUL-TX401,Mule Activity,Device Anomaly,High,Open,2025-04-16,00:53:54,840,L1,0.08,1
ALRT-AU-CUST00385-118,AU-CUST00385,TXN-2024-003288,RUL-TX575,Mule Activity,High-Risk Behaviour,High,Open,2025-06-02,00:02:05,880,L2,0.32,3
ALRT-AU-CUST00644-119,AU-CUST00644,TXN-2024-003321,RUL-TX151,App Investment Scam,Investment Scam Monitoring,High,Open,2024-04-17,10:34:45,860,L2,0.33,1
ALRT-AU-CUST00421-120,AU-CUST00421,TXN-2024-003383,RUL-TX771,App Investment Scam,High-Risk Behaviour,Critical,Open,2025-01-06,21:41:19,940,L2,0.36,3
ALRT-AU-CUST00755-121,AU-CUST00755,TXN-2024-003392,RUL-TX777,App Bank Impersonation,High-Risk Behaviour,Critical,Open,2024-07-21,10:36:31,910,L1,0.26,1
ALRT-AU-CUST00898-122,AU-CUST00898,TXN-2024-003412,RUL-TX926,App Bank Impersonation,Device Anomaly,High,Open,2025-08-20,06:45:59,870,L1,0.1,1
ALRT-AU-CUST00655-123,AU-CUST00655,TXN-2024-003467,RUL-TX961,App Bank Impersonation,High-Risk Behaviour,High,Open,2024-11-23,16:47:13,840,L2,0.37,2
ALRT-AU-CUST00040-124,AU-CUST00040,TXN-2024-003477,RUL-TX202,App Investment Scam,High-Risk Behaviour,High,Open,2025-06-10,07:13:36,900,L1,0.09,1
ALRT-AU-CUST00023-125,AU-CUST00023,TXN-2024-003495,RUL-TX177,App Invoice Fraud,Device Anomaly,High,Open,2025-04-11,06:02:15,820,L2,0.19,1
ALRT-AU-CUST00326-126,AU-CUST00326,TXN-2024-003501,RUL-TX565,App Invoice Fraud,High-Risk Behaviour,High,Open,2024-11-09,22:40:13,850,L2,0.37,3
ALRT-AU-CUST00295-127,AU-CUST00295,TXN-2024-003505,RUL-TX895,App Bank Impersonation,Investment Scam Monitoring,High,Open,2025-06-26,05:58:08,800,L2,0.18,2
ALRT-AU-CUST00656-128,AU-CUST00656,TXN-2024-003520,RUL-TX889,App Romance Scam,High-Risk Behaviour,High,Open,2025-05-11,22:16:10,800,L2,0.06,1
ALRT-AU-CUST00600-129,AU-CUST00600,TXN-2024-003529,RUL-TX447,App Investment Scam,High-Risk Behaviour,Critical,Open,2025-05-21,13:59:04,940,L1,0.23,2
ALRT-AU-CUST00388-130,AU-CUST00388,TXN-2024-003537,RUL-TX688,App Investment Scam,High-Risk Behaviour,High,Open,2025-06-05,23:27:31,760,L2,0.36,1
ALRT-AU-CUST00427-131,AU-CUST00427,TXN-2024-003572,RUL-TX905,App Bank Impersonation,Device Anomaly,High,Open,2025-03-25,23:18:48,890,L1,0.09,1
ALRT-AU-CUST00817-132,AU-CUST00817,TXN-2024-003582,RUL-TX281,App Bank Impersonation,High-Risk Behaviour,High,Open,2025-09-25,02:34:53,810,L1,0.15,3
ALRT-AU-CUST00955-133,AU-CUST00955,TXN-2024-003591,RUL-TX384,App Invoice Fraud,Device Anomaly,High,Open,2025-03-26,10:21:33,800,L1,0.07,1
ALRT-AU-CUST00827-134,AU-CUST00827,TXN-2024-003609,RUL-TX514,App Bank Impersonation,High-Risk Behaviour,High,Open,2025-09-22,04:54:05,860,L2,0.34,2
ALRT-AU-CUST00913-135,AU-CUST00913,TXN-2024-003627,RUL-TX986,App Investment Scam,High-Risk Behaviour,High,Open,2024-03-11,00:21:17,770,L2,0.16,3
ALRT-AU-CUST00181-136,AU-CUST00181,TXN-2024-003632,RUL-TX305,App Romance Scam,Device Anomaly,High,Open,2025-03-04,16:06:04,770,L1,0.39,3
ALRT-AU-CUST00161-137,AU-CUST00161,TXN-2024-003732,RUL-TX222,App Investment Scam,Investment Scam Monitoring,High,Open,2025-08-12,19:45:04,770,L2,0.4,2
ALRT-AU-CUST00427-138,AU-CUST00427,TXN-2024-003740,RUL-TX991,Mule Activity,Investment Scam Monitoring,High,Open,2025-03-23,05:40:43,840,L1,0.3,2
ALRT-AU-CUST00001-139,AU-CUST00001,TXN-2024-003748,RUL-TX794,App Invoice Fraud,Investment Scam Monitoring,High,Open,2025-09-13,01:54:37,810,L2,0.4,1
ALRT-AU-CUST00884-140,AU-CUST00884,TXN-2024-003751,RUL-TX746,App Investment Scam,Investment Scam Monitoring,High,Open,2025-05-10,01:11:13,770,L1,0.26,3
ALRT-AU-CUST00427-141,AU-CUST00427,TXN-2024-003764,RUL-TX756,App Investment Scam,Device Anomaly,High,Open,2025-09-02,11:13:40,900,L1,0.29,2
ALRT-AU-CUST00484-142,AU-CUST00484,TXN-2024-003775,RUL-TX589,Mule Activity,Device Anomaly,High,Open,2025-04-26,01:32:19,820,L1,0.21,3
ALRT-AU-CUST00140-143,AU-CUST00140,TXN-2024-003785,RUL-TX237,App Invoice Fraud,Investment Scam Monitoring,Critical,Open,2025-07-21,05:38:05,920,L2,0.19,2
ALRT-AU-CUST00677-144,AU-CUST00677,TXN-2024-003866,RUL-TX699,App Investment Scam,High-Risk Behaviour,Critical,Open,2025-02-26,03:15:31,940,L2,0.17,2
ALRT-AU-CUST00059-145,AU-CUST00059,TXN-2024-003867,RUL-TX592,Mule Activity,Device Anomaly,High,Open,2025-04-30,15:58:26,830,L1,0.13,1
ALRT-AU-CUST00528-146,AU-CUST00528,TXN-2024-003876,RUL-TX204,App Investment Scam,High-Risk Behaviour,High,Open,2025-07-13,03:39:54,840,L1,0.1,3
ALRT-AU-CUST00885-147,AU-CUST00885,TXN-2024-003894,RUL-TX885,App Investment Scam,Investment Scam Monitoring,High,Open,2025-07-25,03:41:53,880,L2,0.12,1
ALRT-AU-CUST00097-148,AU-CUST00097,TXN-2024-003895,RUL-TX225,Mule Activity,High-Risk Behaviour,High,Open,2024-10-24,23:11:14,790,L1,0.26,1
ALRT-AU-CUST00116-149,AU-CUST00116,TXN-2024-003901,RUL-TX969,Mule Activity,Device Anomaly,High,Open,2025-05-09,06:33:43,800,L1,0.15,2
ALRT-AU-CUST00562-150,AU-CUST00562,TXN-2024-003902,RUL-TX769,Mule Activity,High-Risk Behaviour,High,Open,2025-01-29,22:17:43,840,L1,0.14,1
ALRT-AU-CUST00167-151,AU-CUST00167,TXN-2024-003913,RUL-TX245,App Bank Impersonation,High-Risk Behaviour,Critical,Open,2025-07-17,22:33:37,940,L1,0.18,3
ALRT-AU-CUST00086-152,AU-CUST00086,TXN-2024-003952,RUL-TX140,App Bank Impersonation,High-Risk Behaviour,High,Open,2025-07-03,15:08:38,810,L2,0.18,1
ALRT-AU-CUST00436-153,AU-CUST00436,TXN-2024-003967,RUL-TX319,App Romance Scam,Device Anomaly,High,Open,2024-10-01,00:11:03,870,L1,0.2,2
ALRT-AU-CUST00400-154,AU-CUST00400,TXN-2024-004025,RUL-TX184,App Bank Impersonation,Device Anomaly,High,Open,2024-08-10,10:50:33,860,L1,0.17,1
ALRT-AU-CUST00715-155,AU-CUST00715,TXN-2024-004047,RUL-TX843,App Investment Scam,High-Risk Behaviour,High,Open,2025-01-09,03:53:00,880,L2,0.13,3
ALRT-AU-CUST00086-156,AU-CUST00086,TXN-2024-004111,RUL-TX940,App Investment Scam,Investment Scam Monitoring,Critical,Open,2025-08-21,18:42:01,910,L1,0.29,2
ALRT-AU-CUST00109-157,AU-CUST00109,TXN-2024-004157,RUL-TX117,App Investment Scam,High-Risk Behaviour,Critical,Open,2024-05-11,23:52:02,940,L1,0.14,2
ALRT-AU-CUST00148-158,AU-CUST00148,TXN-2024-004223,RUL-TX870,App Bank Impersonation,Investment Scam Monitoring,Critical,Open,2025-08-07,18:46:44,910,L1,0.32,1
ALRT-AU-CUST00525-159,AU-CUST00525,TXN-2024-004229,RUL-TX770,App Bank Impersonation,Device Anomaly,High,Open,2025-05-31,14:11:14,870,L2,0.09,1
ALRT-AU-CUST00553-160,AU-CUST00553,TXN-2024-004230,RUL-TX426,App Bank Impersonation,Investment Scam Monitoring,High,Open,2025-07-07,11:13:49,830,L2,0.12,1
ALRT-AU-CUST00169-161,AU-CUST00169,TXN-2024-004280,RUL-TX674,App Bank Impersonation,Device Anomaly,High,Open,2025-06-30,04:30:18,890,L2,0.05,1
ALRT-AU-CUST00188-162,AU-CUST00188,TXN-2024-004345,RUL-TX166,Mule Activity,High-Risk Behaviour,High,Open,2025-04-26,11:57:19,770,L1,0.11,2
ALRT-AU-CUST00373-163,AU-CUST00373,TXN-2024-004453,RUL-TX332,App Investment Scam,High-Risk Behaviour,High,Open,2025-04-17,20:22:05,790,L2,0.23,2
ALRT-AU-CUST00478-164,AU-CUST00478,TXN-2024-004488,RUL-TX775,App Investment Scam,Investment Scam Monitoring,High,Open,2025-07-14,01:51:43,850,L1,0.15,1
ALRT-AU-CUST00512-165,AU-CUST00512,TXN-2024-004508,RUL-TX403,Mule Activity,High-Risk Behaviour,Critical,Open,2025-05-24,04:37:22,920,L1,0.18,3
ALRT-AU-CUST00848-166,AU-CUST00848,TXN-2024-004559,RUL-TX438,App Invoice Fraud,Device Anomaly,Critical,Open,2025-04-25,09:03:07,910,L2,0.3,3
ALRT-AU-CUST00796-167,AU-CUST00796,TXN-2024-004586,RUL-TX797,App Invoice Fraud,High-Risk Behaviour,High,Open,2025-02-15,14:00:53,890,L2,0.13,1
ALRT-AU-CUST00417-168,AU-CUST00417,TXN-2024-004588,RUL-TX492,App Bank Impersonation,Device Anomaly,High,Open,2024-12-21,09:07:28,900,L2,0.06,3
ALRT-AU-CUST00866-169,AU-CUST00866,TXN-2024-004646,RUL-TX982,Mule Activity,High-Risk Behaviour,High,Open,2025-07-04,05:28:50,780,L2,0.17,1
ALRT-AU-CUST00510-170,AU-CUST00510,TXN-2024-004658,RUL-TX997,App Romance Scam,Investment Scam Monitoring,High,Open,2025-01-02,18:00:02,900,L2,0.35,2
ALRT-AU-CUST00632-171,AU-CUST00632,TXN-2024-004711,RUL-TX644,App Investment Scam,Device Anomaly,High,Open,2025-02-18,05:59:17,780,L1,0.29,2
ALRT-AU-CUST00775-172,AU-CUST00775,TXN-2024-004718,RUL-TX249,Mule Activity,High-Risk Behaviour,High,Open,2024-10-10,02:34:31,780,L2,0.11,3
ALRT-AU-CUST00176-173,AU-CUST00176,TXN-2024-004719,RUL-TX984,App Invoice Fraud,Investment Scam Monitoring,High,Open,2025-08-05,13:44:47,760,L1,0.18,1
ALRT-AU-CUST00699-174,AU-CUST00699,TXN-2024-004725,RUL-TX429,App Bank Impersonation,Investment Scam Monitoring,High,Open,2025-03-22,01:27:03,880,L1,0.17,1
ALRT-AU-CUST00340-175,AU-CUST00340,TXN-2024-004776,RUL-TX692,Mule Activity,High-Risk Behaviour,High,Open,2024-08-28,07:27:15,800,L1,0.39,1
ALRT-AU-CUST00398-176,AU-CUST00398,TXN-2024-004825,RUL-TX736,App Bank Impersonation,Device Anomaly,High,Open,2025-03-23,07:21:41,830,L1,0.16,2
ALRT-AU-CUST00633-177,AU-CUST00633,TXN-2024-004826,RUL-TX377,App Bank Impersonation,High-Risk Behaviour,High,Open,2024-12-28,05:18:08,760,L1,0.22,1
ALRT-AU-CUST00363-178,AU-CUST00363,TXN-2024-004845,RUL-TX374,App Bank Impersonation,Device Anomaly,High,Open,2025-05-30,13:15:17,840,L2,0.31,1
ALRT-AU-CUST00782-179,AU-CUST00782,TXN-2024-004868,RUL-TX344,App Romance Scam,High-Risk Behaviour,Critical,Open,2025-09-27,03:10:47,910,L2,0.33,2
ALRT-AU-CUST00266-180,AU-CUST00266,TXN-2024-004929,RUL-TX315,App Investment Scam,Device Anomaly,High,Open,2025-05-28,01:04:39,800,L2,0.25,3
ALRT-AU-CUST00885-181,AU-CUST00885,TXN-2024-004937,RUL-TX237,App Investment Scam,High-Risk Behaviour,High,Open,2025-03-15,09:13:22,830,L1,0.32,2
ALRT-AU-CUST00852-182,AU-CUST00852,TXN-2024-004970,RUL-TX555,Mule Activity,Investment Scam Monitoring,High,Open,2025-08-24,06:23:33,880,L2,0.13,1
ALRT-AU-CUST00062-183,AU-CUST00062,TXN-2024-005007,RUL-TX599,App Romance Scam,High-Risk Behaviour,High,Open,2024-10-04,10:23:29,870,L2,0.27,2
ALRT-AU-CUST00813-184,AU-CUST00813,TXN-2024-005011,RUL-TX600,App Investment Scam,Investment Scam Monitoring,High,Open,2024-03-16,03:49:49,790,L1,0.14,2
ALRT-AU-CUST00029-185,AU-CUST00029,TXN-2024-005026,RUL-TX669,App Bank Impersonation,Device Anomaly,High,Open,2025-07-28,14:58:12,800,L2,0.05,2
ALRT-AU-CUST00025-186,AU-CUST00025,TXN-2024-005047,RUL-TX833,App Romance Scam,Investment Scam Monitoring,Critical,Open,2025-02-17,08:45:16,910,L2,0.25,2
ALRT-AU-CUST00508-187,AU-CUST00508,TXN-2024-005111,RUL-TX876,App Romance Scam,Investment Scam Monitoring,High,Open,2025-04-08,21:36:14,880,L2,0.37,2
ALRT-AU-CUST00812-188,AU-CUST00812,TXN-2024-005120,RUL-TX550,App Invoice Fraud,High-Risk Behaviour,High,Open,2024-12-05,01:14:28,770,L2,0.15,1
ALRT-AU-CUST00536-189,AU-CUST00536,TXN-2024-005159,RUL-TX745,App Bank Impersonation,High-Risk Behaviour,High,Open,2025-08-10,04:44:19,760,L1,0.19,3
ALRT-AU-CUST00381-190,AU-CUST00381,TXN-2024-005176,RUL-TX427,App Invoice Fraud,High-Risk Behaviour,High,Open,2024-12-04,00:23:36,800,L2,0.11,1
ALRT-AU-CUST00910-191,AU-CUST00910,TXN-2024-005187,RUL-TX941,App Investment Scam,High-Risk Behaviour,High,Open,2024-12-15,04:42:07,800,L1,0.11,1
ALRT-AU-CUST00463-192,AU-CUST00463,TXN-2024-005206,RUL-TX853,App Bank Impersonation,High-Risk Behaviour,Critical,Open,2025-08-20,22:46:37,930,L1,0.11,2
ALRT-AU-CUST00479-193,AU-CUST00479,TXN-2024-005238,RUL-TX639,App Romance Scam,High-Risk Behaviour,High,Open,2025-01-10,05:38:12,900,L1,0.09,1
ALRT-AU-CUST00922-194,AU-CUST00922,TXN-2024-005249,RUL-TX165,App Invoice Fraud,High-Risk Behaviour,High,Open,2024-10-09,03:09:33,770,L1,0.15,2
ALRT-AU-CUST00427-195,AU-CUST00427,TXN-2024-005256,RUL-TX734,App Romance Scam,Investment Scam Monitoring,High,Open,2025-06-21,14:48:54,880,L2,0.23,2
ALRT-AU-CUST00788-196,AU-CUST00788,TXN-2024-005280,RUL-TX604,App Bank Impersonation,High-Risk Behaviour,High,Open,2024-11-28,12:38:52,770,L2,0.24,2
ALRT-AU-CUST00635-197,AU-CUST00635,TXN-2024-005293,RUL-TX188,App Investment Scam,Device Anomaly,High,Open,2025-02-04,18:49:40,770,L1,0.12,3
ALRT-AU-CUST00326-198,AU-CUST00326,TXN-2024-005358,RUL-TX700,App Invoice Fraud,Device Anomaly,Critical,Open,2025-07-24,17:10:01,930,L1,0.08,3
ALRT-AU-CUST00427-199,AU-CUST00427,TXN-2024-005359,RUL-TX103,App Investment Scam,High-Risk Behaviour,High,Open,2025-07-05,00:32:09,790,L2,0.27,2
ALRT-AU-CUST00775-200,AU-CUST00775,TXN-2024-005404,RUL-TX458,App Bank Impersonation,Device Anomaly,High,Open,2024-06-17,17:26:15,830,L2,0.2,2
ALRT-AU-CUST00442-201,AU-CUST00442,TXN-2024-005415,RUL-TX992,App Investment Scam,Investment Scam Monitoring,High,Open,2025-08-22,05:59:09,780,L2,0.31,3
ALRT-AU-CUST00788-202,AU-CUST00788,TXN-2024-005433,RUL-TX796,App Bank Impersonation,Investment Scam Monitoring,High,Open,2025-01-02,03:12:01,820,L1,0.23,3
ALRT-AU-CUST00111-203,AU-CUST00111,TXN-2024-005440,RUL-TX580,App Investment Scam,Investment Scam Monitoring,High,Open,2025-05-13,09:03:01,840,L1,0.1,3
ALRT-AU-CUST00072-204,AU-CUST00072,TXN-2024-005457,RUL-TX138,App Romance Scam,High-Risk Behaviour,High,Open,2025-03-20,14:41:16,850,L2,0.24,1
ALRT-AU-CUST00443-205,AU-CUST00443,TXN-2024-005597,RUL-TX327,App Investment Scam,Device Anomaly,High,Open,2024-05-25,06:23:44,890,L1,0.19,3
ALRT-AU-CUST00831-206,AU-CUST00831,TXN-2024-005646,RUL-TX783,App Romance Scam,Investment Scam Monitoring,High,Open,2024-03-11,01:52:10,840,L2,0.09,3
ALRT-AU-CUST00875-207,AU-CUST00875,TXN-2024-005699,RUL-TX373,App Bank Impersonation,High-Risk Behaviour,High,Open,2025-03-10,05:15:18,830,L1,0.25,1
ALRT-AU-CUST00666-208,AU-CUST00666,TXN-2024-005768,RUL-TX106,App Invoice Fraud,Investment Scam Monitoring,High,Open,2025-09-28,19:20:55,780,L1,0.33,1
ALRT-AU-CUST00876-209,AU-CUST00876,TXN-2024-005828,RUL-TX629,App Investment Scam,Device Anomaly,High,Open,2024-12-25,23:20:59,860,L2,0.4,3
ALRT-AU-CUST00583-210,AU-CUST00583,TXN-2024-005858,RUL-TX215,App Romance Scam,High-Risk Behaviour,Critical,Open,2024-09-07,17:40:31,930,L2,0.35,2
ALRT-AU-CUST00854-211,AU-CUST00854,TXN-2024-005873,RUL-TX787,App Romance Scam,Investment Scam Monitoring,High,Open,2025-09-18,17:12:40,880,L1,0.31,3
ALRT-AU-CUST00774-212,AU-CUST00774,TXN-2024-005876,RUL-TX964,App Invoice Fraud,High-Risk Behaviour,Critical,Open,2025-01-08,02:25:52,920,L2,0.12,3
ALRT-AU-CUST00398-213,AU-CUST00398,TXN-2024-005934,RUL-TX810,App Invoice Fraud,Investment Scam Monitoring,Critical,Open,2025-01-27,07:44:12,920,L1,0.08,1
ALRT-AU-CUST00029-214,AU-CUST00029,TXN-2024-005949,RUL-TX617,App Bank Impersonation,Device Anomaly,High,Open,2025-02-08,02:36:59,810,L1,0.24,1
ALRT-AU-CUST00656-215,AU-CUST00656,TXN-2024-005985,RUL-TX857,App Romance Scam,Device Anomaly,High,Open,2025-02-23,00:14:22,760,L2,0.3,1
ALRT-AU-CUST00595-216,AU-CUST00595,TXN-2024-005992,RUL-TX569,App Investment Scam,Investment Scam Monitoring,High,Open,2025-01-30,00:08:32,810,L2,0.3,1
ALRT-AU-CUST00143-217,AU-CUST00143,TXN-2024-005996,RUL-TX769,App Romance Scam,High-Risk Behaviour,High,Open,2025-07-29,02:02:37,810,L1,0.32,2
ALRT-AU-CUST00774-218,AU-CUST00774,TXN-2024-006015,RUL-TX102,App Investment Scam,Investment Scam Monitoring,High,Open,2024-05-28,17:44:12,850,L1,0.12,3
ALRT-AU-CUST00981-219,AU-CUST00981,TXN-2024-006018,RUL-TX738,Mule Activity,High-Risk Behaviour,Critical,Open,2024-07-02,05:32:00,910,L1,0.16,1
ALRT-AU-CUST00379-220,AU-CUST00379,TXN-2024-006063,RUL-TX682,App Invoice Fraud,Device Anomaly,High,Open,2025-01-26,09:43:29,860,L1,0.26,2
ALRT-AU-CUST00381-221,AU-CUST00381,TXN-2024-006068,RUL-TX704,App Romance Scam,Investment Scam Monitoring,High,Open,2025-06-23,04:09:50,900,L1,0.39,1
ALRT-AU-CUST00786-222,AU-CUST00786,TXN-2024-006072,RUL-TX850,Mule Activity,Device Anomaly,High,Open,2025-07-09,11:17:42,860,L1,0.26,2
ALRT-AU-CUST00594-223,AU-CUST00594,TXN-2024-006074,RUL-TX672,App Investment Scam,Device Anomaly,High,Open,2024-08-29,12:34:30,800,L2,0.36,2
ALRT-AU-CUST00502-224,AU-CUST00502,TXN-2024-006096,RUL-TX353,App Invoice Fraud,Investment Scam Monitoring,High,Open,2025-09-08,02:11:58,850,L1,0.28,1
ALRT-AU-CUST00638-225,AU-CUST00638,TXN-2024-006121,RUL-TX907,App Investment Scam,High-Risk Behaviour,High,Open,2025-04-16,15:05:13,880,L1,0.22,3
ALRT-AU-CUST00673-226,AU-CUST00673,TXN-2024-006140,RUL-TX740,App Bank Impersonation,Investment Scam Monitoring,High,Open,2025-05-26,21:23:11,880,L2,0.11,1
ALRT-AU-CUST00394-227,AU-CUST00394,TXN-2024-006160,RUL-TX262,App Bank Impersonation,Investment Scam Monitoring,High,Open,2025-01-09,13:19:34,840,L2,0.23,2
ALRT-AU-CUST00256-228,AU-CUST00256,TXN-2024-006164,RUL-TX538,App Bank Impersonation,Device Anomaly,High,Open,2025-04-16,10:43:44,770,L2,0.06,2
ALRT-AU-CUST00818-229,AU-CUST00818,TXN-2024-006172,RUL-TX938,App Invoice Fraud,High-Risk Behaviour,High,Open,2024-11-30,00:53:43,820,L1,0.22,3
ALRT-AU-CUST00939-230,AU-CUST00939,TXN-2024-006234,RUL-TX517,App Bank Impersonation,Investment Scam Monitoring,High,Open,2024-11-05,05:25:55,860,L1,0.12,2
ALRT-AU-CUST00421-231,AU-CUST00421,TXN-2024-006304,RUL-TX638,App Invoice Fraud,Device Anomaly,High,Open,2025-08-21,13:56:35,840,L2,0.32,1
ALRT-AU-CUST00398-232,AU-CUST00398,TXN-2024-006325,RUL-TX380,App Romance Scam,Investment Scam Monitoring,Critical,Open,2024-10-07,05:25:07,930,L2,0.06,2
ALRT-AU-CUST00068-233,AU-CUST00068,TXN-2024-006338,RUL-TX154,App Bank Impersonation,High-Risk Behaviour,High,Open,2025-05-10,04:59:16,860,L1,0.34,1
ALRT-AU-CUST00720-234,AU-CUST00720,TXN-2024-006400,RUL-TX860,Mule Activity,Investment Scam Monitoring,High,Open,2025-04-09,18:29:58,760,L2,0.23,1
ALRT-AU-CUST00939-235,AU-CUST00939,TXN-2024-006426,RUL-TX261,App Bank Impersonation,Investment Scam Monitoring,High,Open,2025-08-26,08:34:15,860,L1,0.13,1
ALRT-AU-CUST00261-236,AU-CUST00261,TXN-2024-006436,RUL-TX652,App Investment Scam,High-Risk Behaviour,High,Open,2025-02-13,14:49:24,880,L2,0.33,2
ALRT-AU-CUST00195-237,AU-CUST00195,TXN-2024-006444,RUL-TX830,App Invoice Fraud,Device Anomaly,High,Open,2025-08-07,16:59:09,900,L1,0.08,1
ALRT-AU-CUST00800-238,AU-CUST00800,TXN-2024-006452,RUL-TX453,App Romance Scam,Investment Scam Monitoring,High,Open,2025-06-23,06:25:28,840,L1,0.4,3
ALRT-AU-CUST00335-239,AU-CUST00335,TXN-2024-006465,RUL-TX615,App Bank Impersonation,Device Anomaly,High,Open,2025-08-18,05:14:20,880,L2,0.24,3
ALRT-AU-CUST00314-240,AU-CUST00314,TXN-2024-006466,RUL-TX496,App Bank Impersonation,Device Anomaly,High,Open,2025-03-11,04:53:43,760,L2,0.17,2
ALRT-AU-CUST00203-241,AU-CUST00203,TXN-2024-006616,RUL-TX145,App Bank Impersonation,Investment Scam Monitoring,Critical,Open,2025-02-01,16:00:54,930,L2,0.2,1
ALRT-AU-CUST00167-242,AU-CUST00167,TXN-2024-006624,RUL-TX757,App Investment Scam,High-Risk Behaviour,High,Open,2024-09-05,02:46:14,880,L1,0.1,1
ALRT-AU-CUST00604-243,AU-CUST00604,TXN-2024-006655,RUL-TX750,App Investment Scam,Device Anomaly,High,Open,2024-08-24,07:08:34,900,L1,0.13,1
ALRT-AU-CUST00420-244,AU-CUST00420,TXN-2024-006708,RUL-TX343,App Investment Scam,High-Risk Behaviour,High,Open,2024-10-02,21:26:46,850,L2,0.23,2
ALRT-AU-CUST00666-245,AU-CUST00666,TXN-2024-006712,RUL-TX949,App Investment Scam,High-Risk Behaviour,High,Open,2025-04-01,20:18:46,840,L2,0.29,2
ALRT-AU-CUST00105-246,AU-CUST00105,TXN-2024-006728,RUL-TX593,App Romance Scam,High-Risk Behaviour,Critical,Open,2025-03-14,08:22:31,920,L1,0.39,3
ALRT-AU-CUST00763-247,AU-CUST00763,TXN-2024-006756,RUL-TX810,App Invoice Fraud,High-Risk Behaviour,High,Open,2024-11-27,23:51:34,880,L1,0.36,1
ALRT-AU-CUST00243-248,AU-CUST00243,TXN-2024-006829,RUL-TX657,App Romance Scam,High-Risk Behaviour,High,Open,2025-09-20,00:57:13,860,L1,0.34,2
ALRT-AU-CUST00877-249,AU-CUST00877,TXN-2024-006877,RUL-TX832,App Bank Impersonation,Device Anomaly,Critical,Open,2025-05-26,15:11:51,930,L2,0.13,3
ALRT-AU-CUST00381-250,AU-CUST00381,TXN-2024-006886,RUL-TX391,App Investment Scam,Device Anomaly,High,Open,2025-05-27,06:22:47,830,L1,0.3,1
ALRT-AU-CUST00072-251,AU-CUST00072,TXN-2024-006891,RUL-TX866,Mule Activity,Device Anomaly,High,Open,2025-08-18,22:20:12,790,L2,0.35,2
ALRT-AU-CUST00444-252,AU-CUST00444,TXN-2024-006961,RUL-TX252,Mule Activity,High-Risk Behaviour,High,Open,2025-07-30,04:44:56,840,L1,0.35,2
ALRT-AU-CUST00720-253,AU-CUST00720,TXN-2024-006966,RUL-TX457,App Romance Scam,High-Risk Behaviour,High,Open,2025-09-01,19:34:15,830,L1,0.28,1
ALRT-AU-CUST00037-254,AU-CUST00037,TXN-2024-006974,RUL-TX665,App Bank Impersonation,Investment Scam Monitoring,High,Open,2025-08-09,01:44:17,780,L2,0.33,3
ALRT-AU-CUST00755-255,AU-CUST00755,TXN-2024-006986,RUL-TX119,App Bank Impersonation,High-Risk Behaviour,High,Open,2025-04-05,12:02:05,880,L1,0.06,3
ALRT-AU-CUST00192-256,AU-CUST00192,TXN-2024-006993,RUL-TX416,App Invoice Fraud,Investment Scam Monitoring,Critical,Open,2025-08-31,04:50:52,940,L2,0.08,2
ALRT-AU-CUST00479-257,AU-CUST00479,TXN-2024-007002,RUL-TX821,App Investment Scam,Investment Scam Monitoring,High,Open,2025-02-22,01:13:54,770,L2,0.05,1
ALRT-AU-CUST00479-258,AU-CUST00479,TXN-2024-007015,RUL-TX377,App Bank Impersonation,High-Risk Behaviour,High,Open,2025-05-26,23:03:16,790,L2,0.19,2
ALRT-AU-CUST00369-259,AU-CUST00369,TXN-2024-007046,RUL-TX164,Mule Activity,High-Risk Behaviour,High,Open,2025-01-20,11:32:40,770,L1,0.19,2
ALRT-AU-CUST00205-260,AU-CUST00205,TXN-2024-007104,RUL-TX134,App Bank Impersonation,Investment Scam Monitoring,High,Open,2025-05-09,01:27:10,870,L1,0.3,3
ALRT-AU-CUST00333-261,AU-CUST00333,TXN-2024-007138,RUL-TX370,App Investment Scam,Device Anomaly,High,Open,2025-09-11,08:02:31,820,L2,0.34,3
ALRT-AU-CUST00419-262,AU-CUST00419,TXN-2024-007148,RUL-TX377,App Investment Scam,Investment Scam Monitoring,High,Open,2024-07-03,00:51:48,860,L1,0.34,2
ALRT-AU-CUST00427-263,AU-CUST00427,TXN-2024-007172,RUL-TX349,Mule Activity,High-Risk Behaviour,High,Open,2025-04-11,02:24:58,810,L2,0.06,3
ALRT-AU-CUST00788-264,AU-CUST00788,TXN-2024-007205,RUL-TX429,App Romance Scam,Device Anomaly,High,Open,2025-03-01,23:30:18,860,L2,0.08,3
ALRT-AU-CUST00479-265,AU-CUST00479,TXN-2024-007218,RUL-TX787,App Invoice Fraud,High-Risk Behaviour,High,Open,2025-09-02,18:33:16,780,L1,0.18,1
ALRT-AU-CUST00120-266,AU-CUST00120,TXN-2024-007220,RUL-TX459,App Bank Impersonation,Device Anomaly,Critical,Open,2024-12-21,06:23:01,930,L2,0.22,2
ALRT-AU-CUST00838-267,AU-CUST00838,TXN-2024-007264,RUL-TX111,Mule Activity,High-Risk Behaviour,Critical,Open,2025-05-21,02:30:57,920,L2,0.28,2
ALRT-AU-CUST00295-268,AU-CUST00295,TXN-2024-007267,RUL-TX292,App Invoice Fraud,High-Risk Behaviour,High,Open,2025-08-29,08:15:42,770,L1,0.12,2
ALRT-AU-CUST00688-269,AU-CUST00688,TXN-2024-007272,RUL-TX273,App Bank Impersonation,Investment Scam Monitoring,High,Open,2025-05-24,23:22:24,810,L2,0.28,2
ALRT-AU-CUST00256-270,AU-CUST00256,TXN-2024-007275,RUL-TX812,Mule Activity,Device Anomaly,High,Open,2025-01-29,18:09:41,800,L2,0.38,3
ALRT-AU-CUST00029-271,AU-CUST00029,TXN-2024-007291,RUL-TX434,App Bank Impersonation,High-Risk Behaviour,Critical,Open,2025-02-24,03:42:09,940,L2,0.28,3
ALRT-AU-CUST00355-272,AU-CUST00355,TXN-2024-007292,RUL-TX809,App Bank Impersonation,High-Risk Behaviour,High,Open,2025-04-27,01:43:55,770,L2,0.39,1
ALRT-AU-CUST00010-273,AU-CUST00010,TXN-2024-007300,RUL-TX559,App Investment Scam,High-Risk Behaviour,High,Open,2025-07-20,04:58:10,890,L2,0.34,1
ALRT-AU-CUST00421-274,AU-CUST00421,TXN-2024-007337,RUL-TX777,App Invoice Fraud,Device Anomaly,High,Open,2025-07-02,22:01:21,890,L1,0.05,2
ALRT-AU-CUST00709-275,AU-CUST00709,TXN-2024-007409,RUL-TX507,Mule Activity,High-Risk Behaviour,High,Open,2024-01-30,04:36:59,830,L2,0.24,2
ALRT-AU-CUST00711-276,AU-CUST00711,TXN-2024-007480,RUL-TX552,Mule Activity,Investment Scam Monitoring,High,Open,2025-08-04,02:45:19,860,L2,0.13,3
ALRT-AU-CUST00553-277,AU-CUST00553,TXN-2024-007483,RUL-TX599,App Investment Scam,Device Anomaly,High,Open,2025-01-13,10:57:41,840,L1,0.36,1
ALRT-AU-CUST00446-278,AU-CUST00446,TXN-2024-007499,RUL-TX758,App Bank Impersonation,Investment Scam Monitoring,Critical,Open,2024-06-23,01:38:47,940,L1,0.28,3
ALRT-AU-CUST00964-279,AU-CUST00964,TXN-2024-007550,RUL-TX837,App Bank Impersonation,Investment Scam Monitoring,High,Open,2025-07-19,18:54:44,770,L2,0.13,3
ALRT-AU-CUST00386-280,AU-CUST00386,TXN-2024-007557,RUL-TX922,App Invoice Fraud,High-Risk Behaviour,High,Open,2024-09-13,02:54:55,840,L2,0.25,1
ALRT-AU-CUST00029-281,AU-CUST00029,TXN-2024-007565,RUL-TX636,App Bank Impersonation,Device Anomaly,High,Open,2025-09-29,00:51:48,870,L1,0.36,1
ALRT-AU-CUST00554-282,AU-CUST00554,TXN-2024-007566,RUL-TX535,App Investment Scam,Investment Scam Monitoring,High,Open,2025-08-09,10:22:27,810,L1,0.1,3
ALRT-AU-CUST00540-283,AU-CUST00540,TXN-2024-007570,RUL-TX708,Mule Activity,High-Risk Behaviour,High,Open,2025-06-25,06:04:14,880,L2,0.22,2
ALRT-AU-CUST00912-284,AU-CUST00912,TXN-2024-007594,RUL-TX273,App Bank Impersonation,Device Anomaly,High,Open,2024-09-18,20:51:09,870,L1,0.24,3
ALRT-AU-CUST00400-285,AU-CUST00400,TXN-2024-007622,RUL-TX440,Mule Activity,Investment Scam Monitoring,Critical,Open,2025-09-21,21:45:29,910,L1,0.07,2
ALRT-AU-CUST00960-286,AU-CUST00960,TXN-2024-007635,RUL-TX282,App Invoice Fraud,Investment Scam Monitoring,High,Open,2025-04-29,04:57:34,790,L1,0.38,2
ALRT-AU-CUST00723-287,AU-CUST00723,TXN-2024-007672,RUL-TX953,Mule Activity,Device Anomaly,High,Open,2025-04-18,06:38:51,900,L2,0.12,2
ALRT-AU-CUST00398-288,AU-CUST00398,TXN-2024-007674,RUL-TX353,App Investment Scam,Investment Scam Monitoring,High,Open,2024-12-21,00:05:06,880,L2,0.32,1
ALRT-AU-CUST00948-289,AU-CUST00948,TXN-2024-007681,RUL-TX226,App Bank Impersonation,High-Risk Behaviour,High,Open,2025-08-19,13:42:45,850,L1,0.27,2
ALRT-AU-CUST00421-290,AU-CUST00421,TXN-2024-007682,RUL-TX698,App Investment Scam,High-Risk Behaviour,High,Open,2025-09-24,22:48:11,830,L2,0.33,1
ALRT-AU-CUST00848-291,AU-CUST00848,TXN-2024-007685,RUL-TX991,App Investment Scam,High-Risk Behaviour,High,Open,2024-11-26,06:40:56,760,L2,0.06,3
ALRT-AU-CUST00732-292,AU-CUST00732,TXN-2024-007692,RUL-TX728,App Romance Scam,High-Risk Behaviour,High,Open,2025-02-03,08:52:56,830,L2,0.37,3
ALRT-AU-CUST00512-293,AU-CUST00512,TXN-2024-007730,RUL-TX814,Mule Activity,Investment Scam Monitoring,Critical,Open,2025-02-09,00:24:28,940,L2,0.22,1
ALRT-AU-CUST00609-294,AU-CUST00609,TXN-2024-007786,RUL-TX210,App Invoice Fraud,Device Anomaly,High,Open,2025-03-11,05:33:43,860,L1,0.29,1
ALRT-AU-CUST00047-295,AU-CUST00047,TXN-2024-007788,RUL-TX844,App Bank Impersonation,Device Anomaly,High,Open,2025-04-30,02:17:25,870,L2,0.1,1
ALRT-AU-CUST00033-296,AU-CUST00033,TXN-2024-007790,RUL-TX142,App Invoice Fraud,Device Anomaly,High,Open,2025-06-16,05:04:52,800,L2,0.12,3
ALRT-AU-CUST00928-297,AU-CUST00928,TXN-2024-007792,RUL-TX652,App Bank Impersonation,Investment Scam Monitoring,High,Open,2025-01-12,00:15:20,900,L2,0.38,1
ALRT-AU-CUST00737-298,AU-CUST00737,TXN-2024-007800,RUL-TX852,App Romance Scam,Device Anomaly,High,Open,2025-04-27,01:10:31,800,L1,0.07,2
ALRT-AU-CUST00666-299,AU-CUST00666,TXN-2024-007821,RUL-TX690,App Invoice Fraud,Investment Scam Monitoring,High,Open,2025-05-03,04:02:20,770,L1,0.31,3
ALRT-AU-CUST00817-300,AU-CUST00817,TXN-2024-007858,RUL-TX881,App Investment Scam,Investment Scam Monitoring,High,Open,2025-05-14,13:37:37,840,L2,0.33,3
ALRT-AU-CUST00419-301,AU-CUST00419,TXN-2024-007890,RUL-TX272,App Investment Scam,High-Risk Behaviour,High,Open,2025-08-18,12:14:19,870,L2,0.09,3
ALRT-AU-CUST00024-302,AU-CUST00024,TXN-2024-007976,RUL-TX748,App Invoice Fraud,High-Risk Behaviour,Critical,Open,2025-09-30,00:31:23,920,L1,0.28,3
ALRT-AU-CUST00785-303,AU-CUST00785,TXN-2024-008022,RUL-TX502,App Bank Impersonation,High-Risk Behaviour,High,Open,2024-06-27,06:10:26,780,L1,0.07,2
ALRT-AU-CUST00821-304,AU-CUST00821,TXN-2024-008034,RUL-TX153,App Invoice Fraud,Device Anomaly,High,Open,2024-12-03,01:23:18,760,L1,0.24,2
ALRT-AU-CUST00406-305,AU-CUST00406,TXN-2024-008050,RUL-TX519,App Investment Scam,Device Anomaly,High,Open,2025-03-22,10:45:23,770,L2,0.39,1
ALRT-AU-CUST00427-306,AU-CUST00427,TXN-2024-008059,RUL-TX672,App Invoice Fraud,Investment Scam Monitoring,High,Open,2025-02-24,01:19:53,830,L1,0.22,2
ALRT-AU-CUST00544-307,AU-CUST00544,TXN-2024-008060,RUL-TX418,App Invoice Fraud,High-Risk Behaviour,High,Open,2025-04-10,05:59:05,860,L1,0.14,1
ALRT-AU-CUST00298-308,AU-CUST00298,TXN-2024-008086,RUL-TX984,App Bank Impersonation,High-Risk Behaviour,Critical,Open,2025-04-22,00:51:16,910,L1,0.34,2
ALRT-AU-CUST00916-309,AU-CUST00916,TXN-2024-008090,RUL-TX369,App Invoice Fraud,High-Risk Behaviour,High,Open,2024-10-21,12:30:42,880,L1,0.33,3
ALRT-AU-CUST00511-310,AU-CUST00511,TXN-2024-008117,RUL-TX339,App Bank Impersonation,Investment Scam Monitoring,High,Open,2025-04-07,05:16:18,880,L1,0.09,3
ALRT-AU-CUST00427-311,AU-CUST00427,TXN-2024-008137,RUL-TX508,App Invoice Fraud,Investment Scam Monitoring,High,Open,2025-04-18,08:32:14,820,L1,0.19,1
ALRT-AU-CUST00965-312,AU-CUST00965,TXN-2024-008149,RUL-TX590,Mule Activity,Device Anomaly,High,Open,2024-12-20,14:25:03,760,L2,0.1,2
ALRT-AU-CUST00229-313,AU-CUST00229,TXN-2024-008162,RUL-TX936,App Invoice Fraud,High-Risk Behaviour,High,Open,2025-07-22,03:15:55,840,L2,0.21,2
ALRT-AU-CUST00812-314,AU-CUST00812,TXN-2024-008175,RUL-TX425,App Invoice Fraud,High-Risk Behaviour,High,Open,2024-11-18,01:41:51,890,L1,0.28,3
ALRT-AU-CUST00452-315,AU-CUST00452,TXN-2024-008241,RUL-TX617,App Investment Scam,Device Anomaly,High,Open,2024-12-22,03:14:46,820,L2,0.05,1
ALRT-AU-CUST00117-316,AU-CUST00117,TXN-2024-008251,RUL-TX321,App Invoice Fraud,Device Anomaly,High,Open,2025-06-05,05:18:31,890,L2,0.39,2
ALRT-AU-CUST00398-317,AU-CUST00398,TXN-2024-008255,RUL-TX748,App Investment Scam,Device Anomaly,High,Open,2025-01-12,00:28:50,780,L1,0.24,1
ALRT-AU-CUST00720-318,AU-CUST00720,TXN-2024-008259,RUL-TX307,App Invoice Fraud,High-Risk Behaviour,High,Open,2025-09-11,02:45:13,830,L2,0.07,1
ALRT-AU-CUST00087-319,AU-CUST00087,TXN-2024-008269,RUL-TX502,Mule Activity,Investment Scam Monitoring,High,Open,2025-08-19,10:56:51,840,L2,0.22,3
ALRT-AU-CUST00685-320,AU-CUST00685,TXN-2024-008298,RUL-TX766,App Bank Impersonation,Device Anomaly,High,Open,2025-08-27,05:37:34,770,L1,0.2,2
ALRT-AU-CUST00788-321,AU-CUST00788,TXN-2024-008310,RUL-TX411,App Invoice Fraud,High-Risk Behaviour,Critical,Open,2025-08-19,14:31:24,930,L2,0.3,1
ALRT-AU-CUST00666-322,AU-CUST00666,TXN-2024-008351,RUL-TX193,App Investment Scam,Device Anomaly,High,Open,2024-11-12,06:44:36,770,L1,0.31,2
ALRT-AU-CUST00666-323,AU-CUST00666,TXN-2024-008355,RUL-TX383,App Bank Impersonation,Device Anomaly,High,Open,2024-10-06,00:54:17,830,L1,0.23,3
ALRT-AU-CUST00414-324,AU-CUST00414,TXN-2024-008375,RUL-TX337,App Investment Scam,High-Risk Behaviour,High,Open,2025-02-07,20:23:38,780,L2,0.06,1
ALRT-AU-CUST00391-325,AU-CUST00391,TXN-2024-008383,RUL-TX214,App Investment Scam,Investment Scam Monitoring,High,Open,2024-08-10,04:06:40,840,L2,0.11,1
ALRT-AU-CUST00781-326,AU-CUST00781,TXN-2024-008394,RUL-TX266,App Romance Scam,High-Risk Behaviour,High,Open,2025-03-10,02:14:39,790,L2,0.37,2
ALRT-AU-CUST00327-327,AU-CUST00327,TXN-2024-008456,RUL-TX770,App Bank Impersonation,High-Risk Behaviour,High,Open,2025-03-18,22:41:23,820,L2,0.27,2
ALRT-AU-CUST00868-328,AU-CUST00868,TXN-2024-008463,RUL-TX799,App Bank Impersonation,Device Anomaly,High,Open,2025-08-23,00:39:45,850,L1,0.26,3
ALRT-AU-CUST00707-329,AU-CUST00707,TXN-2024-008471,RUL-TX179,App Romance Scam,Device Anomaly,High,Open,2024-08-03,19:01:18,830,L1,0.23,1
ALRT-AU-CUST00588-330,AU-CUST00588,TXN-2024-008498,RUL-TX699,App Invoice Fraud,Device Anomaly,High,Open,2024-09-07,03:00:31,780,L2,0.34,2
ALRT-AU-CUST00143-331,AU-CUST00143,TXN-2024-008506,RUL-TX256,App Bank Impersonation,Investment Scam Monitoring,High,Open,2025-07-09,14:47:23,760,L1,0.35,3
ALRT-AU-CUST00468-332,AU-CUST00468,TXN-2024-008514,RUL-TX391,App Invoice Fraud,High-Risk Behaviour,High,Open,2024-11-25,00:36:41,890,L1,0.32,2
ALRT-AU-CUST00432-333,AU-CUST00432,TXN-2024-008523,RUL-TX483,App Investment Scam,Device Anomaly,High,Open,2024-12-26,20:47:06,790,L2,0.38,1
ALRT-AU-CUST00427-334,AU-CUST00427,TXN-2024-008544,RUL-TX754,App Bank Impersonation,Investment Scam Monitoring,High,Open,2025-09-17,00:04:22,790,L1,0.35,1
ALRT-AU-CUST00126-335,AU-CUST00126,TXN-2024-008558,RUL-TX148,App Investment Scam,High-Risk Behaviour,Critical,Open,2025-06-08,18:20:54,920,L2,0.35,1
ALRT-AU-CUST00325-336,AU-CUST00325,TXN-2024-008562,RUL-TX101,App Romance Scam,Investment Scam Monitoring,High,Open,2024-11-27,17:10:37,830,L1,0.36,2
ALRT-AU-CUST00788-337,AU-CUST00788,TXN-2024-008570,RUL-TX436,App Invoice Fraud,Investment Scam Monitoring,Critical,Open,2025-02-13,14:12:18,940,L1,0.22,1
ALRT-AU-CUST00995-338,AU-CUST00995,TXN-2024-008637,RUL-TX610,App Romance Scam,High-Risk Behaviour,High,Open,2025-07-01,05:31:30,860,L2,0.12,1
ALRT-AU-CUST00398-339,AU-CUST00398,TXN-2024-008650,RUL-TX148,Mule Activity,Device Anomaly,High,Open,2025-03-08,19:15:03,830,L1,0.09,2
ALRT-AU-CUST00604-340,AU-CUST00604,TXN-2024-008718,RUL-TX715,Mule Activity,High-Risk Behaviour,High,Open,2024-11-16,00:35:52,870,L1,0.1,3
ALRT-AU-CUST00439-341,AU-CUST00439,TXN-2024-008742,RUL-TX487,App Bank Impersonation,Device Anomaly,High,Open,2025-07-27,05:50:44,870,L2,0.23,2
ALRT-AU-CUST00419-342,AU-CUST00419,TXN-2024-008814,RUL-TX968,App Bank Impersonation,Investment Scam Monitoring,Critical,Open,2024-07-27,03:32:17,920,L1,0.16,1
ALRT-AU-CUST00770-343,AU-CUST00770,TXN-2024-008825,RUL-TX423,App Bank Impersonation,Investment Scam Monitoring,High,Open,2025-03-03,23:48:58,840,L1,0.38,2
ALRT-AU-CUST00479-344,AU-CUST00479,TXN-2024-008829,RUL-TX123,App Invoice Fraud,Device Anomaly,Critical,Open,2025-03-20,00:19:40,920,L1,0.08,1
ALRT-AU-CUST00276-345,AU-CUST00276,TXN-2024-008844,RUL-TX644,App Investment Scam,Device Anomaly,High,Open,2025-02-01,13:30:18,840,L1,0.24,3
ALRT-AU-CUST00514-346,AU-CUST00514,TXN-2024-008847,RUL-TX643,App Bank Impersonation,Device Anomaly,Critical,Open,2025-08-03,04:37:53,910,L2,0.18,3
ALRT-AU-CUST00314-347,AU-CUST00314,TXN-2024-008894,RUL-TX330,Mule Activity,Investment Scam Monitoring,Critical,Open,2024-07-17,18:23:54,940,L1,0.1,1
ALRT-AU-CUST00450-348,AU-CUST00450,TXN-2024-008906,RUL-TX633,App Bank Impersonation,High-Risk Behaviour,High,Open,2025-06-14,09:20:30,890,L1,0.26,2
ALRT-AU-CUST00136-349,AU-CUST00136,TXN-2024-008907,RUL-TX438,App Romance Scam,Device Anomaly,High,Open,2025-02-10,03:32:01,780,L1,0.28,3
ALRT-AU-CUST00290-350,AU-CUST00290,TXN-2024-008917,RUL-TX708,App Bank Impersonation,High-Risk Behaviour,Critical,Open,2025-05-12,05:05:27,930,L1,0.37,3
ALRT-AU-CUST00562-351,AU-CUST00562,TXN-2024-009016,RUL-TX139,App Romance Scam,High-Risk Behaviour,High,Open,2025-05-25,04:51:39,800,L2,0.27,1
ALRT-AU-CUST00483-352,AU-CUST00483,TXN-2024-009040,RUL-TX546,App Bank Impersonation,Investment Scam Monitoring,High,Open,2025-01-27,15:21:49,830,L1,0.36,1
ALRT-AU-CUST00024-353,AU-CUST00024,TXN-2024-009041,RUL-TX914,App Investment Scam,Investment Scam Monitoring,High,Open,2025-09-29,15:30:52,840,L1,0.31,3
ALRT-AU-CUST00844-354,AU-CUST00844,TXN-2024-009118,RUL-TX128,App Bank Impersonation,Device Anomaly,High,Open,2025-08-19,11:40:52,770,L1,0.26,3
ALRT-AU-CUST00703-355,AU-CUST00703,TXN-2024-009125,RUL-TX912,App Invoice Fraud,Investment Scam Monitoring,Critical,Open,2025-02-06,04:44:15,910,L1,0.29,2
ALRT-AU-CUST00132-356,AU-CUST00132,TXN-2024-009144,RUL-TX511,App Investment Scam,Device Anomaly,High,Open,2025-08-31,18:57:50,790,L2,0.19,3
ALRT-AU-CUST00714-357,AU-CUST00714,TXN-2024-009163,RUL-TX100,App Investment Scam,High-Risk Behaviour,Critical,Open,2025-03-07,21:52:04,930,L1,0.23,1
ALRT-AU-CUST00461-358,AU-CUST00461,TXN-2024-009165,RUL-TX898,App Investment Scam,Investment Scam Monitoring,Critical,Open,2025-01-19,10:41:42,930,L1,0.22,1
ALRT-AU-CUST00118-359,AU-CUST00118,TXN-2024-009176,RUL-TX275,App Bank Impersonation,High-Risk Behaviour,Critical,Open,2025-09-05,00:16:37,940,L1,0.33,3
ALRT-AU-CUST00848-360,AU-CUST00848,TXN-2024-009192,RUL-TX547,Mule Activity,Device Anomaly,High,Open,2025-09-23,00:19:06,840,L2,0.12,2
ALRT-AU-CUST00182-361,AU-CUST00182,TXN-2024-009245,RUL-TX879,App Investment Scam,Investment Scam Monitoring,High,Open,2025-01-29,08:21:14,810,L2,0.35,1
ALRT-AU-CUST00666-362,AU-CUST00666,TXN-2024-009285,RUL-TX676,Mule Activity,High-Risk Behaviour,High,Open,2025-02-21,06:04:14,880,L2,0.32,3
ALRT-AU-CUST00704-363,AU-CUST00704,TXN-2024-009320,RUL-TX369,Mule Activity,High-Risk Behaviour,High,Open,2025-06-23,23:11:19,760,L2,0.34,2
ALRT-AU-CUST00577-364,AU-CUST00577,TXN-2024-009355,RUL-TX308,Mule Activity,High-Risk Behaviour,High,Open,2025-07-30,14:26:40,860,L2,0.2,3
ALRT-AU-CUST00093-365,AU-CUST00093,TXN-2024-009382,RUL-TX714,App Invoice Fraud,High-Risk Behaviour,High,Open,2025-02-10,01:05:07,790,L1,0.15,3
ALRT-AU-CUST00442-366,AU-CUST00442,TXN-2024-009421,RUL-TX150,App Romance Scam,Device Anomaly,High,Open,2025-06-20,09:12:56,880,L2,0.35,2
ALRT-AU-CUST00041-367,AU-CUST00041,TXN-2024-009435,RUL-TX579,App Investment Scam,High-Risk Behaviour,Critical,Open,2024-04-28,04:31:11,910,L2,0.39,2
ALRT-AU-CUST00427-368,AU-CUST00427,TXN-2024-009442,RUL-TX701,Mule Activity,Device Anomaly,High,Open,2025-09-26,01:05:30,860,L1,0.27,2
ALRT-AU-CUST00551-369,AU-CUST00551,TXN-2024-009476,RUL-TX869,App Investment Scam,Device Anomaly,Critical,Open,2025-06-19,09:51:12,920,L2,0.36,3
ALRT-AU-CUST00660-370,AU-CUST00660,TXN-2024-009494,RUL-TX324,App Investment Scam,Investment Scam Monitoring,High,Open,2025-05-23,02:38:09,860,L2,0.22,1
ALRT-AU-CUST00118-371,AU-CUST00118,TXN-2024-009528,RUL-TX857,App Investment Scam,High-Risk Behaviour,High,Open,2024-12-28,02:23:40,830,L2,0.34,3
ALRT-AU-CUST00135-372,AU-CUST00135,TXN-2024-009529,RUL-TX119,App Investment Scam,Investment Scam Monitoring,High,Open,2025-07-28,14:01:46,900,L2,0.09,2
ALRT-AU-CUST00169-373,AU-CUST00169,TXN-2024-009599,RUL-TX787,App Invoice Fraud,Device Anomaly,High,Open,2024-06-26,01:59:53,820,L2,0.23,3
ALRT-AU-CUST00023-374,AU-CUST00023,TXN-2024-009600,RUL-TX767,App Investment Scam,High-Risk Behaviour,High,Open,2025-04-20,09:23:09,830,L1,0.23,3
ALRT-AU-CUST00427-375,AU-CUST00427,TXN-2024-009641,RUL-TX740,App Romance Scam,High-Risk Behaviour,High,Open,2025-03-07,03:54:56,770,L1,0.09,2
ALRT-AU-CUST00208-376,AU-CUST00208,TXN-2024-009642,RUL-TX733,App Romance Scam,Device Anomaly,High,Open,2024-06-10,21:11:47,790,L2,0.28,3
ALRT-AU-CUST00682-377,AU-CUST00682,TXN-2024-009655,RUL-TX150,App Investment Scam,Device Anomaly,High,Open,2025-09-08,23:01:51,810,L1,0.12,1
ALRT-AU-CUST00421-378,AU-CUST00421,TXN-2024-009670,RUL-TX887,Mule Activity,High-Risk Behaviour,Critical,Open,2025-09-08,23:52:55,930,L1,0.37,1
ALRT-AU-CUST00654-379,AU-CUST00654,TXN-2024-009715,RUL-TX970,Mule Activity,High-Risk Behaviour,High,Open,2025-09-24,15:39:55,820,L1,0.07,2
ALRT-AU-CUST00635-380,AU-CUST00635,TXN-2024-009761,RUL-TX830,App Bank Impersonation,Device Anomaly,High,Open,2024-07-03,07:45:49,810,L1,0.36,2
ALRT-AU-CUST00398-381,AU-CUST00398,TXN-2024-009821,RUL-TX913,App Bank Impersonation,High-Risk Behaviour,High,Open,2025-05-13,05:26:38,800,L1,0.32,1
ALRT-AU-CUST00427-382,AU-CUST00427,TXN-2024-009832,RUL-TX236,App Invoice Fraud,High-Risk Behaviour,High,Open,2025-08-23,15:32:40,790,L2,0.37,1
ALRT-AU-CUST00381-383,AU-CUST00381,TXN-2024-009845,RUL-TX667,Mule Activity,High-Risk Behaviour,High,Open,2025-02-14,11:19:42,830,L1,0.34,2
ALRT-AU-CUST00275-384,AU-CUST00275,TXN-2024-009847,RUL-TX671,App Invoice Fraud,Investment Scam Monitoring,High,Open,2025-05-13,14:40:31,760,L1,0.06,3
ALRT-AU-CUST00450-385,AU-CUST00450,TXN-2024-009867,RUL-TX326,App Bank Impersonation,High-Risk Behaviour,High,Open,2025-03-16,19:10:01,830,L2,0.19,3
ALRT-AU-CUST00720-386,AU-CUST00720,TXN-2024-009925,RUL-TX310,App Investment Scam,High-Risk Behaviour,High,Open,2025-08-01,00:28:51,820,L1,0.23,1
ALRT-AU-CUST00528-387,AU-CUST00528,TXN-2024-009969,RUL-TX997,App Investment Scam,Device Anomaly,High,Open,2025-08-05,21:56:14,810,L2,0.19,3
ALRT-AU-CUST00646-388,AU-CUST00646,TXN-2024-009994,RUL-TX276,Mule Activity,Investment Scam Monitoring,High,Open,2024-11-07,10:22:22,840,L2,0.24,3
ALRT-AU-CUST00356-389,AU-CUST00356,TXN-2024-010004,RUL-TX695,Mule Activity,High-Risk Behaviour,High,Open,2025-06-09,05:00:53,760,L2,0.31,3
ALRT-AU-CUST00853-390,AU-CUST00853,TXN-2024-010009,RUL-TX671,App Romance Scam,Investment Scam Monitoring,Critical,Open,2025-06-03,00:10:06,930,L2,0.25,2
ALRT-AU-CUST00059-391,AU-CUST00059,TXN-2024-010050,RUL-TX840,App Bank Impersonation,Investment Scam Monitoring,High,Open,2025-04-25,09:26:43,810,L1,0.07,1
ALRT-AU-CUST00169-392,AU-CUST00169,TXN-2024-010051,RUL-TX962,App Bank Impersonation,High-Risk Behaviour,High,Open,2025-03-23,14:15:38,790,L1,0.36,3
ALRT-AU-CUST00518-393,AU-CUST00518,TXN-2024-010064,RUL-TX721,App Investment Scam,High-Risk Behaviour,High,Open,2024-06-04,12:07:46,760,L2,0.26,1
ALRT-AU-CUST00709-394,AU-CUST00709,TXN-2024-010105,RUL-TX687,App Investment Scam,High-Risk Behaviour,Critical,Open,2025-08-23,00:33:04,910,L2,0.31,1
ALRT-AU-CUST00600-395,AU-CUST00600,TXN-2024-010176,RUL-TX591,App Investment Scam,Investment Scam Monitoring,High,Open,2024-09-27,17:43:50,830,L2,0.07,1
ALRT-AU-CUST00810-396,AU-CUST00810,TXN-2024-010179,RUL-TX196,App Invoice Fraud,Investment Scam Monitoring,High,Open,2025-09-01,14:12:50,890,L1,0.37,2
ALRT-AU-CUST00169-397,AU-CUST00169,TXN-2024-010189,RUL-TX187,App Bank Impersonation,Investment Scam Monitoring,High,Open,2025-07-06,05:25:07,880,L1,0.31,3
ALRT-AU-CUST00421-398,AU-CUST00421,TXN-2024-010194,RUL-TX623,App Invoice Fraud,Device Anomaly,High,Open,2025-01-16,00:18:45,890,L2,0.14,3
ALRT-AU-CUST00582-399,AU-CUST00582,TXN-2024-010223,RUL-TX994,App Invoice Fraud,High-Risk Behaviour,High,Open,2025-07-06,23:50:40,830,L2,0.16,2
ALRT-AU-CUST00169-400,AU-CUST00169,TXN-2024-010253,RUL-TX546,Mule Activity,Device Anomaly,High,Open,2024-06-18,18:22:10,890,L2,0.29,2
ALRT-AU-CUST00914-401,AU-CUST00914,TXN-2024-010288,RUL-TX227,App Investment Scam,Investment Scam Monitoring,High,Open,2025-09-29,16:03:26,870,L1,0.31,3
ALRT-AU-CUST00857-402,AU-CUST00857,TXN-2024-010326,RUL-TX953,App Bank Impersonation,Investment Scam Monitoring,High,Open,2025-03-30,22:34:22,870,L1,0.35,2
ALRT-AU-CUST00493-403,AU-CUST00493,TXN-2024-010404,RUL-TX132,Mule Activity,Device Anomaly,High,Open,2025-09-27,01:43:34,770,L1,0.12,1
ALRT-AU-CUST00938-404,AU-CUST00938,TXN-2024-010424,RUL-TX830,App Investment Scam,Investment Scam Monitoring,High,Open,2025-06-27,13:06:35,830,L2,0.12,3
ALRT-AU-CUST00450-405,AU-CUST00450,TXN-2024-010452,RUL-TX377,App Investment Scam,High-Risk Behaviour,High,Open,2025-07-05,03:43:33,780,L1,0.35,2
ALRT-AU-CUST00024-406,AU-CUST00024,TXN-2024-010468,RUL-TX260,App Investment Scam,Investment Scam Monitoring,High,Open,2025-09-12,15:35:27,760,L2,0.12,1
ALRT-AU-CUST00419-407,AU-CUST00419,TXN-2024-010498,RUL-TX109,Mule Activity,High-Risk Behaviour,High,Open,2024-08-26,11:45:44,810,L2,0.29,2
ALRT-AU-CUST00595-408,AU-CUST00595,TXN-2024-010514,RUL-TX546,App Investment Scam,High-Risk Behaviour,High,Open,2024-12-23,03:14:29,850,L1,0.37,1
ALRT-AU-CUST00169-409,AU-CUST00169,TXN-2024-010516,RUL-TX770,App Invoice Fraud,High-Risk Behaviour,High,Open,2025-02-25,05:46:12,830,L1,0.32,1
ALRT-AU-CUST00575-410,AU-CUST00575,TXN-2024-010522,RUL-TX512,App Investment Scam,High-Risk Behaviour,High,Open,2025-08-08,05:16:29,790,L1,0.38,2
ALRT-AU-CUST00984-411,AU-CUST00984,TXN-2024-010560,RUL-TX207,App Bank Impersonation,Device Anomaly,High,Open,2024-11-27,23:42:24,780,L1,0.28,3
ALRT-AU-CUST00421-412,AU-CUST00421,TXN-2024-010567,RUL-TX144,App Investment Scam,Device Anomaly,High,Open,2025-08-22,11:58:34,820,L2,0.34,3
ALRT-AU-CUST00525-413,AU-CUST00525,TXN-2024-010612,RUL-TX164,App Bank Impersonation,Investment Scam Monitoring,High,Open,2025-06-25,04:23:46,870,L1,0.27,2
ALRT-AU-CUST00632-414,AU-CUST00632,TXN-2024-010683,RUL-TX747,App Invoice Fraud,Device Anomaly,High,Open,2025-04-08,03:12:12,810,L1,0.11,3
ALRT-AU-CUST00337-415,AU-CUST00337,TXN-2024-010690,RUL-TX898,App Invoice Fraud,Investment Scam Monitoring,Critical,Open,2025-08-17,23:15:19,910,L2,0.12,3
ALRT-AU-CUST00063-416,AU-CUST00063,TXN-2024-010692,RUL-TX971,App Investment Scam,High-Risk Behaviour,High,Open,2024-12-23,01:10:31,870,L1,0.24,2
ALRT-AU-CUST00572-417,AU-CUST00572,TXN-2024-010696,RUL-TX632,App Investment Scam,High-Risk Behaviour,High,Open,2024-11-14,03:20:31,850,L1,0.08,2
ALRT-AU-CUST00011-418,AU-CUST00011,TXN-2024-010804,RUL-TX770,App Investment Scam,High-Risk Behaviour,High,Open,2024-10-26,14:32:13,890,L2,0.29,1
ALRT-AU-CUST00381-419,AU-CUST00381,TXN-2024-010810,RUL-TX306,App Bank Impersonation,Investment Scam Monitoring,Critical,Open,2025-04-15,12:19:06,910,L1,0.16,1
ALRT-AU-CUST00479-420,AU-CUST00479,TXN-2024-010869,RUL-TX932,App Bank Impersonation,High-Risk Behaviour,High,Open,2025-05-03,07:53:47,760,L1,0.33,2
ALRT-AU-CUST00017-421,AU-CUST00017,TXN-2024-010872,RUL-TX583,App Romance Scam,Investment Scam Monitoring,High,Open,2025-06-04,23:25:04,810,L2,0.12,3
ALRT-AU-CUST00706-422,AU-CUST00706,TXN-2024-010895,RUL-TX551,App Investment Scam,Device Anomaly,High,Open,2025-07-24,18:49:53,900,L2,0.29,2
ALRT-AU-CUST00758-423,AU-CUST00758,TXN-2024-010945,RUL-TX354,App Romance Scam,Device Anomaly,Critical,Open,2025-06-20,01:15:37,930,L1,0.24,3
ALRT-AU-CUST00159-424,AU-CUST00159,TXN-2024-011049,RUL-TX378,App Bank Impersonation,High-Risk Behaviour,High,Open,2025-08-13,02:18:53,780,L2,0.33,2
ALRT-AU-CUST00581-425,AU-CUST00581,TXN-2024-011052,RUL-TX570,Mule Activity,High-Risk Behaviour,High,Open,2024-12-22,10:25:23,870,L1,0.35,2
ALRT-AU-CUST00666-426,AU-CUST00666,TXN-2024-011064,RUL-TX471,App Bank Impersonation,Device Anomaly,High,Open,2025-03-10,15:10:11,800,L1,0.29,2
ALRT-AU-CUST00479-427,AU-CUST00479,TXN-2024-011080,RUL-TX900,App Invoice Fraud,High-Risk Behaviour,High,Open,2025-07-09,21:53:25,800,L1,0.16,1
ALRT-AU-CUST00994-428,AU-CUST00994,TXN-2024-011087,RUL-TX770,App Invoice Fraud,High-Risk Behaviour,High,Open,2024-01-27,10:49:28,850,L2,0.34,3
ALRT-AU-CUST00848-429,AU-CUST00848,TXN-2024-011160,RUL-TX270,Mule Activity,Investment Scam Monitoring,Critical,Open,2025-05-24,07:16:51,920,L2,0.26,2
ALRT-AU-CUST00785-430,AU-CUST00785,TXN-2024-011185,RUL-TX301,Mule Activity,High-Risk Behaviour,High,Open,2025-08-21,05:25:31,880,L1,0.17,3
ALRT-AU-CUST00508-431,AU-CUST00508,TXN-2024-011194,RUL-TX611,App Bank Impersonation,High-Risk Behaviour,High,Open,2025-02-21,18:46:01,760,L2,0.38,2
ALRT-AU-CUST00051-432,AU-CUST00051,TXN-2024-011221,RUL-TX961,App Bank Impersonation,Device Anomaly,High,Open,2024-12-07,00:23:28,890,L1,0.25,2
ALRT-AU-CUST00169-433,AU-CUST00169,TXN-2024-011274,RUL-TX941,App Bank Impersonation,Investment Scam Monitoring,High,Open,2024-06-07,03:46:24,880,L2,0.38,2
ALRT-AU-CUST00663-434,AU-CUST00663,TXN-2024-011276,RUL-TX110,App Bank Impersonation,Investment Scam Monitoring,High,Open,2024-05-18,12:07:05,900,L1,0.32,1
ALRT-AU-CUST00450-435,AU-CUST00450,TXN-2024-011326,RUL-TX270,App Investment Scam,Device Anomaly,High,Open,2025-03-12,22:59:47,780,L2,0.24,2
ALRT-AU-CUST00610-436,AU-CUST00610,TXN-2024-011457,RUL-TX798,App Bank Impersonation,High-Risk Behaviour,High,Open,2025-07-30,14:29:49,870,L1,0.25,3
ALRT-AU-CUST00712-437,AU-CUST00712,TXN-2024-011502,RUL-TX419,App Bank Impersonation,High-Risk Behaviour,Critical,Open,2025-08-11,04:34:59,910,L2,0.4,3
ALRT-AU-CUST00560-438,AU-CUST00560,TXN-2024-011521,RUL-TX371,App Invoice Fraud,Investment Scam Monitoring,High,Open,2025-08-31,11:55:48,800,L2,0.31,3
ALRT-AU-CUST00421-439,AU-CUST00421,TXN-2024-011522,RUL-TX811,App Investment Scam,High-Risk Behaviour,High,Open,2025-06-23,11:10:41,850,L2,0.37,1
ALRT-AU-CUST00554-440,AU-CUST00554,TXN-2024-011555,RUL-TX105,Mule Activity,High-Risk Behaviour,Critical,Open,2025-09-10,05:59:48,940,L1,0.18,3
ALRT-AU-CUST00276-441,AU-CUST00276,TXN-2024-011610,RUL-TX439,App Invoice Fraud,Investment Scam Monitoring,Critical,Open,2024-09-22,23:26:27,940,L2,0.08,1
ALRT-AU-CUST00600-442,AU-CUST00600,TXN-2024-011654,RUL-TX584,App Bank Impersonation,Investment Scam Monitoring,Critical,Open,2025-05-02,22:19:37,920,L1,0.1,1
ALRT-AU-CUST00169-443,AU-CUST00169,TXN-2024-011682,RUL-TX938,App Bank Impersonation,High-Risk Behaviour,Critical,Open,2024-08-24,09:15:13,920,L1,0.08,3
ALRT-AU-CUST00729-444,AU-CUST00729,TXN-2024-011692,RUL-TX399,App Bank Impersonation,Investment Scam Monitoring,Critical,Open,2025-08-22,01:20:05,930,L1,0.2,3
ALRT-AU-CUST00560-445,AU-CUST00560,TXN-2024-011702,RUL-TX142,App Invoice Fraud,High-Risk Behaviour,Critical,Open,2024-11-28,00:45:00,910,L2,0.09,2
ALRT-AU-CUST00321-446,AU-CUST00321,TXN-2024-011757,RUL-TX187,App Invoice Fraud,Device Anomaly,High,Open,2024-10-18,03:53:47,850,L1,0.29,1
ALRT-AU-CUST00553-447,AU-CUST00553,TXN-2024-011758,RUL-TX871,App Romance Scam,High-Risk Behaviour,High,Open,2025-01-24,00:31:18,840,L2,0.12,1
ALRT-AU-CUST00675-448,AU-CUST00675,TXN-2024-011877,RUL-TX315,App Bank Impersonation,High-Risk Behaviour,High,Open,2025-03-30,07:41:47,820,L1,0.34,3
ALRT-AU-CUST00400-449,AU-CUST00400,TXN-2024-011891,RUL-TX375,App Investment Scam,Device Anomaly,High,Open,2024-05-19,00:40:48,820,L1,0.2,2
ALRT-AU-CUST00400-450,AU-CUST00400,TXN-2024-011976,RUL-TX954,App Invoice Fraud,Investment Scam Monitoring,High,Open,2025-07-12,17:03:05,830,L1,0.37,1
ALRT-AU-CUST00678-451,AU-CUST00678,TXN-2024-011995,RUL-TX849,App Invoice Fraud,High-Risk Behaviour,Critical,Open,2025-02-28,06:24:21,920,L1,0.15,1
